21.02875,0.05459254,0.597481,0.0001069813
21.33585,0.06503034,0.5788245,0.00012353
21.50285,0.08599659,0.6315877,0.0001542991
20.75888,0.03316745,0.4732911,9.732852E-05
20.5712,0.03665567,0.3412872,6.586142E-05
20.18615,0.02786857,0.4268461,6.441101E-05
20.5882,0.03286488,0.4257879,8.824567E-05
21.40912,0.1017402,0.58311,0.000149756
21.74497,0.1655227,0.5797765,0.0001841819
20.31667,0.03287573,0.393487,7.721085E-05
21.44291,0.06034879,0.4154897,0.0001906876
21.50083,0.06816871,0.6194718,0.0001373595
21.68474,0.08208982,0.5238093,0.0001972119
20.32425,0.02778414,0.3361025,6.677808E-05
21.93716,0.08580737,2.200535,0.002217607
21.23075,0.04645867,0.4755988,0.000117928
21.47416,0.05865062,0.5758894,0.0001294286
20.11702,0.02363305,0.3839254,7.356E-05
21.59038,0.063143,0.6029996,0.0001777816
20.81669,0.03514659,0.7701511,0.0002544445
20.91754,0.05018552,0.4916852,0.0001178852
20.07153,0.05281246,0.3305348,6.320159E-05
19.59119,0.02257781,0.3388204,6.719198E-05
21.99574,0.08597086,0.7904585,0.0001893682
19.60121,0.01863722,0.2767129,3.995085E-05
21.528,0.0611854,0.524559,0.0001446466
20.00765,0.02418799,0.4241481,5.720995E-05
19.37463,0.03303862,0.1248094,2.2345E-05
20.45409,0.03134559,0.4121368,6.868306E-05
20.80302,0.03771086,0.4999699,8.973778E-05
19.82682,0.01997958,0.3763438,5.933579E-05
21.41276,0.05847676,0.5023665,0.0001880203
22.02662,0.1157251,0.6745167,0.0001996054
19.80661,0.02317164,0.3357792,4.986287E-05
21.39037,0.0948195,0.5736221,0.0001498949
21.09457,0.06725832,0.5943249,0.0002534904
21.98745,0.1128603,0.6648778,0.0001564282
20.19222,0.02680494,0.1665794,1.351827E-05
20.95334,0.04275408,0.4747548,0.0001422631
21.0208,0.05211389,0.4900879,0.0001133352
20.77936,0.03336817,0.3678695,9.303851E-05
21.34488,0.05124199,0.5419677,0.0001024793
19.80193,0.02448439,0.3445519,6.810207E-05
20.05494,0.02512745,0.3477484,0.0001041331
20.60431,0.03049577,0.3812264,8.396758E-05
19.08658,0.01839674,0.1944953,3.420801E-05
21.73662,0.07106889,0.5982256,0.0001499017
21.54728,0.4038979,0.5892256,0.0001268553
20.29642,0.3062497,0.4097227,9.803772E-05
20.97623,0.04157971,0.5498766,0.0001209748
20.80045,0.03735676,2.421679,0.0007032268
20.03283,0.02293773,0.3509876,6.46067E-05
21.31527,0.05636333,0.39722,0.0001994276
21.87052,0.1060144,0.7591274,0.0001323855
20.65539,0.03987656,0.4869551,9.926702E-05
21.61021,0.08716847,0.5676216,0.0001734603
18.98968,0.01866859,0.2081823,2.815793E-05
21.56233,0.1003969,0.527096,0.0001732626
21.43399,0.09357005,0.5879542,0.0001392078
21.48643,0.06056335,0.5695233,0.0001175214
21.86059,0.0802839,0.6303406,0.0002116283
20.82389,0.03590117,0.3888166,8.810264E-05
20.37194,0.03351819,0.3849781,7.604732E-05
19.34804,0.02044011,2.431463,0.0004762755
20.06035,0.03429547,0.3699057,5.629847E-05
20.19789,0.02569451,0.4125359,6.814255E-05
20.87419,0.05296232,0.4694854,0.0001491452
21.47309,0.05883821,2.49557,0.00160484
21.03957,0.04129946,0.5051265,0.0001124103
20.71117,0.04441215,0.479825,0.0001280232
19.94934,0.02291931,0.3554518,5.162774E-05
21.77865,0.07726234,0.7509121,8.188293E-05
20.47619,0.04104356,0.4253228,7.560768E-05
21.06557,0.06000011,0.3543126,0.0001102886
21.17808,0.04302578,0.4908762,0.0002048224
20.28899,0.03016945,0.4315123,8.001053E-05
21.02422,0.04258538,0.4766186,0.0001138144
20.27317,0.03044777,0.3536852,6.304657E-05
21.53867,0.08411537,0.6543348,0.0002458279
21.584,0.07527892,0.601916,0.0001452452
21.81533,0.0749606,0.6366379,0.0001657891
21.15416,0.04531481,0.5508804,2.837465E-05
21.1102,0.05020172,0.5095981,0.0002108881
20.33342,0.03064413,0.3735199,9.887171E-05
19.77387,0.02184404,0.3649242,4.58633E-05
21.54546,0.0765276,0.5836489,0.0002296549
21.21284,0.05018178,0.46367,7.51569E-05
21.58376,0.0691813,0.5907599,0.000137567
20.41615,0.02962837,0.4236803,8.045478E-05
19.89823,0.02422124,0.3662252,5.182226E-05
21.20887,0.06229867,0.5532268,0.0001105185
21.66228,0.1084506,0.5862991,0.0001725491
20.73815,0.05392544,0.465063,0.0001025383
21.71545,0.1052811,1.778839,0.002264757
18.45107,0.03034304,0.1179512,1.689589E-05
21.79591,0.07246744,0.5126327,0.0001613211
21.29015,0.06407806,0.591588,0.0001456042
21.00466,0.05433252,0.528776,0.0001055509
18.81927,0.02384291,0.2000925,2.638017E-05
20.46101,0.02914965,0.3907091,9.244958E-05
20.49107,0.03760057,0.4240716,8.161795E-05
20.22083,0.02540608,0.3768103,6.586355E-05
20.97033,0.04152795,2.334108,0.0003477258
20.06742,0.02493999,0.4020512,5.627874E-05
21.70716,0.08862489,0.5450976,0.0001774724
21.29417,0.06268473,0.5157808,0.0001262887
20.79189,0.04131805,0.5419714,0.0001101763
21.13482,0.06488618,0.4290599,0.0001501857
21.21813,0.06783206,0.5655653,0.0001253831
21.13472,0.04712603,0.5187295,0.0001128145
21.27879,0.04955932,0.5572253,0.0001122987
21.51943,0.06064567,0.5337532,0.0001307441
21.77379,0.08908723,0.6391497,0.0002605038
21.50916,0.05880801,0.5393636,0.0001443794
21.19836,0.05091727,0.5372958,0.0001216812
18.91074,0.01673845,2.269697,0.0001834684
20.98948,0.03898466,0.4973206,0.0001108003
19.97368,0.02744868,0.3888715,5.955438E-05
20.79956,0.04070532,0.4750638,9.140789E-05
21.84861,0.1071263,0.5188234,0.0002140399
21.39831,0.08491363,0.5271844,0.0001617779
21.53584,0.1020318,0.6034203,0.0001455918
21.03132,0.06305245,0.573483,0.0001117537
19.54823,0.02259435,0.7711564,0.0001810136
21.02505,0.04053781,0.5390975,9.194538E-05
21.04844,0.04477641,0.4919332,0.0001177216
21.97237,0.09156932,0.6415933,0.0001771424
19.45454,0.02206426,0.2608137,4.09545E-05
20.78365,0.04444703,0.4152619,0.0001238663
20.7552,0.03496171,0.465463,0.0001243868
20.25625,0.02875753,2.436261,0.0004551378
17.85063,0.01735461,1.281087,0.0001215909
21.1268,0.05513963,0.5630754,0.0001503924
21.19493,0.0472373,0.4725827,0.0001144423
21.42252,0.08270159,0.5231576,0.0001488806
21.66878,0.07069955,0.6723468,0.0001296276
20.56564,0.03752549,0.3937533,8.363894E-05
21.62935,0.0840129,0.7090843,0.0001392674
21.7031,0.07605983,0.569483,0.0001378262
21.62534,0.06507187,0.5521716,0.0002209164
21.05399,0.2767068,0.4516779,0.0001146987
19.07796,0.01901727,0.2015014,1.743861E-05
21.17563,0.04883928,1.909055,0.1061802
20.22083,0.03376743,0.4127679,7.024885E-05
21.80386,0.07510833,2.420722,0.0005286283
21.64708,0.08828808,0.5363315,0.0001962663
21.72256,0.07663307,0.5202796,0.0002270659
20.69007,0.03879449,0.5529368,7.723842E-05
21.65572,0.06988628,0.6085369,0.0002517925
20.40114,0.02917845,0.3752795,7.397836E-05
19.89567,0.02545784,0.2618516,4.791957E-05
21.29919,0.05178992,0.4802706,0.0002238076
21.56606,0.06492449,0.5411937,0.0001147417
21.26645,0.0542816,0.5177702,0.0001473242
21.69826,0.07777613,0.5876147,0.0002640755
21.38224,0.06828184,0.5833896,0.0002277877
20.1941,0.03168984,0.4153012,8.2778E-05
20.2023,0.04020596,0.4145459,7.773336E-05
20.84534,0.04039496,1.494845,0.8198684
20.48448,0.03018669,0.3859904,9.273153E-05
21.88694,0.07863519,0.574079,0.0001817278
20.83002,0.04757325,0.5630143,0.0001007422
20.42574,0.02939444,0.3985269,8.281256E-05
21.67525,0.07070366,0.5385836,0.0001513696
20.38606,0.03363054,0.4263116,0.0001006394
20.96775,0.04752984,0.5167323,0.0001376444
21.05944,0.04153746,0.5412713,0.0001109566
21.26672,0.05013996,0.4338419,0.0001551652
20.54857,0.0406672,0.4799017,9.073061E-05
19.67826,0.01877239,0.2957172,6.330956E-05
21.04947,0.04302063,0.7486018,0.0001361857
21.38312,0.05608022,0.5290472,0.0001895549
21.91655,0.1270433,0.6595224,0.0002144169
20.40667,0.03241351,0.4081058,8.612296E-05
21.79317,0.07243005,0.5822207,0.0001420221
20.96417,0.04751869,0.4985524,0.0001014692
21.70448,0.07058613,0.6046817,0.000196285
21.31127,0.0535731,0.5656378,0.0001184763
21.3233,0.05484855,0.4799009,0.0001308923
20.33266,0.0278698,0.9954736,0.0006260511
21.56171,0.06510874,0.4999578,0.0001724766
20.83537,0.03609652,0.4714562,0.0001178682
21.17021,0.04450366,0.4887355,0.0001473856
20.31006,0.02571172,0.8097659,0.0004014893
21.28137,0.06205207,0.5263027,0.0001063441
20.72856,0.04599439,2.087184,0.0003719645
20.26633,0.02545225,0.3693017,7.015475E-05
21.52508,0.07010658,0.5029728,0.0001404895
21.41277,0.05908873,0.5319852,0.0002088131
20.65745,0.04277987,0.5393019,8.946449E-05
20.63232,0.04256881,0.817698,0.0003054441
21.5231,0.06300672,0.6732352,0.0001376005
21.74277,5.450773,0.2206005,0.0001070965
21.62722,0.06682383,0.6324791,0.0001332067
21.54364,0.07648119,0.5971663,0.0001539931
21.37127,0.05373761,0.4911392,0.0001119158
21.41199,0.07712147,0.5054863,0.0001312669
20.41535,0.02596229,0.4030266,8.569463E-05
21.09613,0.06635588,0.4170109,2.778162E-05
21.41711,0.06798756,0.6281043,0.0001376619
19.86359,0.02896003,0.3432367,8.321917E-05
21.63405,0.06786849,0.6333275,0.0002256967
20.95598,0.04110096,0.4007956,9.030831E-05
21.56471,0.05969629,0.4615991,0.0001354291
20.3608,0.02775606,0.4471807,6.986255E-05
21.08591,0.05111586,0.4751944,0.0001367827
20.28115,0.02657005,0.4008825,6.991146E-05
19.43526,0.01951847,2.32939,0.0002934211
20.74908,0.03473857,0.3830082,0.0001070379
20.79063,0.04416178,0.4587777,0.000104701
20.80109,0.05960794,0.5306956,0.0001076261
21.03979,0.06267763,0.4128021,8.148803E-05
21.03787,0.04262021,0.4596742,0.0001061638
21.40755,0.06073845,0.56505,0.0001243672
18.28932,0.02890885,2.363425,0.0002307746
20.88868,0.03945178,0.4797586,0.0001305015
21.48416,0.06169762,0.524264,0.0001430333
21.29494,0.05501048,2.426416,0.00110042
20.68201,0.03036267,0.3474803,0.0001033551
19.17239,0.01842365,0.203537,2.988446E-05
21.40511,0.05928913,0.5813883,0.0001760672
21.21547,0.07072029,0.5247771,0.0001397454
21.24637,0.06112073,0.5244539,0.0001254493
21.63758,0.07789169,0.515816,0.0001542931
21.54885,0.09179128,0.88352,0.0003283016
21.44168,0.05575786,0.4960532,6.262379E-05
20.58942,0.03293597,0.800124,0.0001726354
21.96901,0.0861873,0.5525848,0.000144525
20.28343,0.03285107,0.3962902,8.645739E-05
20.75946,0.03599805,0.5068513,9.875901E-05
19.61335,0.0175172,0.3909023,5.062947E-05
20.19224,0.02940628,0.4126728,6.431944E-05
19.47823,0.01748157,0.2685992,3.606845E-05
21.35969,0.05290001,0.570085,0.0001127085
21.01583,0.04075656,0.5367373,9.040623E-05
21.58323,0.07612339,2.378885,0.0007288345
21.93578,0.09514305,0.6795226,0.0001861054
20.58875,0.0343798,0.4491166,8.139444E-05
20.75505,0.04560891,0.4910474,8.911565E-05
21.51103,0.05815331,0.4840689,6.685696E-05
20.76823,0.03519596,0.5876709,9.317513E-05
21.18105,0.0454983,0.5191035,0.0001540444
21.24979,0.04886375,0.4731871,0.0001271537
21.62866,0.08116052,0.5895116,0.0001291018
21.00891,0.05128444,0.5847169,0.0001410432
21.33479,0.07621137,0.5377133,0.0001586198
21.20852,0.06734865,0.4798075,0.0001835999
22.06383,0.1654343,0.6247667,0.0001921838
20.38935,0.03377212,0.7151386,0.0001032417
21.86838,0.08544724,0.6761118,0.000182718
21.13682,0.04819139,0.376864,6.118783E-05
21.42966,0.05879122,0.5378218,5.750812E-05
21.74822,0.0920466,0.5756655,0.0001681445
21.67949,0.07234579,0.6210753,0.0001106087
21.38717,0.2692319,0.4948615,0.0001096366
21.63594,0.06865274,0.4737203,0.0001471927
21.75269,4.978364,0.3816249,0.0002681468
21.91955,0.08985484,0.6230904,0.0002199314
21.03422,0.0450919,0.5426773,0.0001697783
21.45708,0.0526644,0.4735199,0.0001119625
20.3193,0.02838521,0.2761779,6.260526E-05
22.16616,0.1395751,0.6855871,0.0002194701
17.87944,0.0180971,0.1238659,1.508869E-05
20.78202,0.03582758,0.5381761,9.134472E-05
21.63616,0.07222447,2.366285,0.000402743
19.91062,0.02044742,0.4856112,5.730376E-05
22.38771,0.166233,0.6782054,0.0002248337
21.38149,0.06755914,0.5050533,0.0001319745
21.34443,0.08363421,0.6248733,0.000138542
21.21179,0.06720982,0.5059784,0.000201017
20.09326,0.03382912,0.3897804,6.974764E-05
21.093,0.04246544,0.4084753,1.534045E-05
19.23672,0.01620283,0.2743422,3.805309E-05
20.37234,0.0267335,0.3091508,7.333843E-05
22.55158,0.1489834,0.6708108,8.988292E-05
20.84151,0.03830606,0.3721195,9.645144E-05
21.18674,0.04904669,0.4899564,0.0001250908
20.26829,0.0305084,0.4022591,8.496788E-05
20.98495,0.03917054,0.489218,5.511984E-05
21.49879,0.06173323,1.984237,0.0006624258
20.93978,0.0487818,0.5679569,0.0001116601
20.13186,0.02807636,0.340741,6.692002E-05
21.69819,0.1037859,0.5536271,0.0001884394
21.37696,0.05140287,0.5600857,0.0001127271
20.24165,0.02470934,2.260686,0.0002022738
20.97358,0.03891554,2.411315,0.0003027248
21.16299,0.05707564,0.4945102,9.230126E-05
21.25291,0.0477399,0.4973339,0.0001922999
21.53365,0.06385529,0.5273762,0.0001481083
21.87699,0.1062127,0.6617414,0.0002090506
21.30806,0.08083083,0.5150125,8.765447E-05
20.47158,0.03750048,0.3960572,4.45757E-05
21.61983,0.06121457,0.5267453,0.0001781604
21.20078,0.04912498,0.4919871,0.0001093899
21.73275,0.07388047,0.5665039,0.0001740239
21.49886,0.07292999,0.6709825,8.46003E-05
22.00993,0.09088052,0.5640115,0.0001473309
21.16097,0.04901591,0.5186023,0.0001568221
20.97364,0.06103618,0.4559932,0.0001499185
20.11662,0.03252254,0.4127641,0.0001335879
21.65543,0.06531384,0.5540584,0.0001491256
21.60965,0.06496733,0.5518294,0.000203564
21.34725,0.06596522,0.4943809,0.0001469587
21.79677,0.09055743,0.6794012,0.000148439
20.6117,0.03012289,0.3476781,0.0001039521
20.60893,0.03394971,0.7259754,0.0001159712
21.57392,0.06925916,0.5725638,0.0001260214
20.26772,0.02447194,0.4039972,7.087692E-05
21.15523,0.05824113,1.521762,0.0005014172
20.071,0.03640926,0.3884985,7.466648E-05
20.66817,0.04171297,0.4782329,9.844785E-05
21.10041,0.06315277,0.6024389,0.0001310881
20.00742,0.02934838,0.391973,6.769032E-05
21.76179,0.09465745,0.5524591,0.0001966962
19.96406,0.02182357,0.3672577,4.657173E-05
20.90675,0.04003561,0.4507259,0.0001130651
21.56427,3.525612,0.5641786,0.0001368921
21.77422,0.07535607,0.7005643,9.746767E-05
21.81173,0.07752107,0.6951096,0.0001169326
20.14688,0.02723585,0.2255831,1.342212E-05
19.83601,0.02375953,0.2772632,5.085551E-05
21.31118,0.0548142,0.5451166,0.0001362257
21.17255,0.3409339,0.4947259,0.0001279692
20.3574,0.03163149,0.3884691,7.90723E-05
21.06594,0.04164269,0.4739826,0.0001238135
21.89018,0.5974736,0.3515796,7.289836E-05
21.53213,0.06247451,0.5458286,0.0001756041
20.80941,0.04138309,0.5091178,7.919146E-05
21.00043,0.06503189,0.5265914,0.0001044059
21.5138,0.05770921,0.511318,0.0001333386
21.46952,0.05737152,0.5138921,0.0001608523
20.60672,0.03014201,1.824038,0.0008045668
19.64634,0.02250062,0.3068524,4.292411E-05
21.46417,0.06576987,0.5617326,0.0001427487
21.45695,0.06751437,0.5193039,0.0001161496
19.98433,0.02773207,0.3894477,6.230301E-05
20.72384,0.03309316,0.425114,8.316858E-05
21.40786,0.07824717,0.4737935,4.069181E-05
20.24231,0.02692601,0.4201678,8.027149E-05
21.20732,0.04661151,0.4833037,0.0001314608
19.96696,0.02428665,0.3263005,5.078339E-05
21.82229,0.09450851,0.1619425,2.288629E-05
21.43647,0.07545137,0.523814,0.000158443
22.27497,0.1478659,2.024328,0.001055586
21.52517,0.09649371,2.002184,0.001367578
19.30797,0.02114944,0.2761508,3.708657E-05
20.34397,0.03118963,0.4116387,5.784695E-05
20.29476,0.02394721,0.37471,6.699398E-05
21.19578,0.04997015,0.5165267,7.275606E-05
21.08042,0.05929454,0.5099466,0.0001238366
21.90476,0.08174422,0.5948656,0.0001698422
21.72808,0.1229488,0.50407,0.0001916369
21.65842,0.1083178,0.4748085,0.000136421
20.04368,0.02832703,0.3432429,5.57013E-05
20.73167,0.03566502,0.5598364,7.800867E-05
21.18537,0.0506721,0.5447776,0.0001670505
21.06766,0.04483998,0.5014189,0.0001344218
21.42404,0.09265934,0.4823536,0.0001924467
21.01585,0.05821081,0.5240611,0.0001462646
21.68947,0.06977636,0.5506222,0.0001391747
18.73745,0.01814608,0.1813757,2.322155E-05
21.93929,0.1016227,0.6519054,0.0002446066
21.04659,0.0442145,0.3749319,5.227604E-05
21.22373,0.05266871,0.520272,0.0001278606
21.11756,0.0456731,0.5203335,0.0002166004
21.20287,0.09688022,0.4580899,0.0001120213
21.27942,0.04742028,0.4512752,0.0001241903
21.60192,0.0694055,0.540796,0.0001335356
21.17244,0.04483818,0.5077263,0.0001213423
21.17921,0.05484381,0.5197957,0.0001086942
19.9788,0.02754485,0.9695001,0.750962
21.17927,0.05939223,0.4782768,0.0002126128
20.25705,0.02941116,2.455659,0.000718093
21.59894,0.1041958,0.5638093,0.0002193522
20.99728,0.03945669,0.5558713,8.810202E-05
21.30476,0.05227739,0.5731169,0.0001387507
20.87798,0.04349143,0.5328226,0.0001219401
21.93237,0.08111801,0.6580392,0.0001840591
22.3607,0.1215238,2.239316,0.0005994351
21.51448,0.05768195,0.4982806,0.0001666564
21.68577,0.08006898,0.6438432,0.0001612159
18.96973,0.02548,0.2346161,2.986746E-05
20.36487,0.02705438,0.3749371,6.973797E-05
21.58595,0.07799678,0.5557939,0.0001601775
22.10412,0.09886754,0.6202268,0.0002121057
20.89566,0.03846727,0.5156128,0.0001261515
21.30583,0.06207058,0.5518744,0.0001616576
20.96542,0.06816991,0.5368479,9.955554E-05
21.6553,0.09824418,0.491174,0.0001938015
20.83284,0.05062456,0.4394396,9.243856E-05
20.95767,0.04328435,0.5654309,4.941232E-05
21.60749,0.08239644,0.5688279,0.0001047835
22.43374,0.1221945,0.6032912,0.0002000158
21.75333,0.2939747,0.4024975,2.984083E-05
20.62242,0.03408653,0.4768527,0.0001014043
21.82523,0.07407652,0.6183234,0.0002427105
21.59411,0.06778075,0.6078104,0.0001014728
21.25982,0.04883221,0.5127702,0.000150506
20.83575,0.05463845,0.336937,9.855052E-05
21.6507,0.08884639,0.5687096,0.0001440963
21.07255,0.06133717,0.4934047,0.0001493176
20.2353,0.04606652,0.3919328,8.308009E-05
21.30181,0.04982835,0.506394,0.0001180964
20.2281,0.02759994,0.3605849,5.275091E-05
21.26477,0.05717557,0.512857,0.0001230788
21.5746,0.06271018,0.5386702,0.0001591466
21.11769,0.05339149,2.311044,0.0005175506
21.35889,0.05926198,0.5088125,0.0002103604
20.32435,0.02626981,0.4193554,7.308448E-05
21.40179,0.07229823,0.5519548,0.0001273628
21.08484,0.06706251,0.5914801,0.0001185183
21.31057,0.06122988,0.4877706,0.0001556292
21.36067,0.06692041,0.5545362,0.0001192567
20.56167,0.03180032,2.212508,0.0002546768
21.03856,0.04382609,0.4819493,0.0001798028
22.21166,0.1081664,0.6025236,0.0003408108
21.94109,0.1555523,0.5015646,0.0001476327
20.67528,0.03888132,0.3995615,9.848034E-05
21.26213,0.05101874,0.5820761,0.0001183882
21.11535,0.0486101,0.4871357,0.0001203068
21.86416,0.08032858,2.257356,0.000846049
21.51212,0.09074367,0.5361208,0.0002096252
21.1775,0.06334122,0.524674,0.0001132998
21.06901,0.04377449,0.4866324,0.0001139807
20.78668,0.04242177,0.5457327,9.415619E-05
20.20226,0.02287635,0.3348678,7.022006E-05
21.63421,0.06441355,0.5624136,0.0001780354
21.34385,0.05022805,0.5079145,0.0001591652
20.96241,0.03957047,2.258916,0.0005575246
19.98019,0.02450603,0.3742626,6.222524E-05
21.46292,0.05850108,2.036244,0.001658774
21.92148,0.09069147,0.6855841,0.0002186531
21.51341,0.07791483,0.5860446,0.000138225
20.65634,0.04556515,0.5683964,0.0001045802
21.13451,0.0485587,0.6686692,0.0001163401
20.87535,0.03749406,0.4940938,0.0001246802
21.48373,0.06028446,0.6058372,0.0001641403
20.08802,0.02669115,0.366695,6.117834E-05
21.64519,0.5916644,1.296413,0.04470687
20.41756,0.02703888,0.3381887,7.261862E-05
20.59775,0.03225011,0.4236538,8.809524E-05
20.03057,0.02475421,0.3767568,7.850644E-05
21.14057,0.08260272,0.6746735,6.747375E-05
21.11625,0.04691964,0.4764266,0.0001458763
21.1397,0.04668036,0.5159359,0.0001498437
20.8075,0.0410461,0.449511,0.0001189709
20.98339,0.04033158,0.5553757,0.0001081392
21.6435,1.83063,0.6170428,0.0004117465
20.87286,0.03808687,0.5031752,5.956373E-05
21.15054,0.04945968,0.6342395,0.0001026181
21.4866,0.07576269,0.5768636,0.0001790344
21.06254,0.07785234,0.1044781,2.077113E-05
19.56739,0.02639326,1.1215,0.0004425564
20.23234,0.02705724,0.3965474,6.030323E-05
20.05882,0.02250723,0.3747243,6.741773E-05
21.18975,0.04726695,0.536653,0.0001439016
20.19705,0.02449801,0.3889485,6.179954E-05
21.29291,0.05305355,0.5193504,0.0001225214
20.26201,0.02554478,0.4102296,7.250546E-05
21.67518,0.07205065,0.5357745,0.0001567949
21.08332,0.05775717,0.5015903,0.0001137878
20.63262,0.03842017,0.3783301,9.991962E-05
20.50945,0.04021286,0.4129488,9.064854E-05
21.1147,0.044323,0.4412776,0.0001079904
21.53796,0.06166458,0.5838108,0.0001113488
21.21385,0.04686484,0.5636663,0.0001230107
20.61288,0.03121583,2.144252,0.0002341635
20.47935,0.02876588,2.483834,0.0003041993
21.46041,0.05781809,0.5381488,0.0001469926
21.33388,0.05353687,0.5164326,0.0001523578
21.16634,0.0625711,0.5529506,0.000122077
21.38356,0.06245027,0.4121759,0.0001427448
21.09853,0.04473963,0.4290194,0.0001780111
21.61809,0.08988622,0.5107322,0.0002236973
21.47835,0.05861376,0.5840856,0.0001559374
22.21218,0.110224,2.394034,0.000610737
21.92739,0.1332859,0.6066391,0.0002018438
21.4052,0.05538325,0.5138655,0.0001573132
22.31448,0.1129972,0.6836019,0.0004037042
20.25547,0.0266366,0.4044759,8.46336E-05
19.34793,0.02306715,0.2969001,4.014831E-05
21.46077,0.07170889,0.5151898,0.000160309
20.02203,0.02741464,0.3644012,7.537509E-05
21.32377,0.07030687,0.5376486,0.0002422504
21.41899,0.05648726,0.6031637,0.0001209508
22.17607,0.1134228,0.6354821,0.0002121419
22.10575,0.1169434,0.602978,0.0001829116
21.39132,0.06127565,0.5246832,0.0001466612
20.22178,0.025563,0.3793551,9.499217E-05
21.05428,0.05429234,0.499492,4.428016E-05
21.01827,0.04986127,0.5310047,0.0001007219
21.35359,0.05476305,0.5939565,0.0001360552
20.12899,0.02347949,0.3806198,5.219817E-05
21.13371,0.05642984,0.5047304,0.0001161456
21.52356,0.09638918,0.5916129,0.0001608108
21.33464,0.07236645,0.5809985,0.0001564191
21.17394,0.04743797,0.5283743,0.0001058555
21.73315,0.08457387,0.560276,0.000158209
21.70462,0.07751396,0.5369332,0.000124699
21.41275,0.06786635,0.581543,0.000123324
21.33455,0.05185859,0.4972214,0.0001610007
21.63334,0.06939279,0.6369014,0.0001796006
21.60269,0.06923483,0.4943731,0.0001771934
21.32525,0.06272205,0.5280417,0.0001247709
21.0792,0.05410416,0.4799551,0.000112637
20.12526,0.02511696,0.3761028,7.693961E-05
20.89617,0.03855716,0.4753752,0.0001218394
20.80437,0.03655301,0.3812551,8.443998E-05
20.4909,0.02946201,0.3882389,8.740753E-05
21.76159,0.07514466,0.4797341,0.00015615
20.50597,0.03534393,2.246152,0.000281114
21.52321,0.08007336,0.5057288,0.0001547138
21.19222,0.05541459,0.5067716,0.000118842
21.73528,0.1053821,2.257642,0.0005577052
21.68176,0.1109098,0.5400097,0.0001743963
21.46288,0.0585279,0.5279365,0.0001624355
20.01277,0.02500611,2.338547,0.0002209113
20.89898,0.03927508,0.4742768,9.135532E-05
19.89291,0.01897047,0.2771932,4.860685E-05
21.74523,0.06761113,0.5848483,0.0001692901
21.44738,0.0597866,1.273093,0.0002855046
21.72618,0.09236104,0.5491472,0.0001510319
20.46123,0.02935973,2.24094,0.0005478935
21.90486,0.09072524,2.350016,0.001115972
21.01959,0.06844117,0.5452052,9.890692E-05
20.8372,0.0419035,0.4986122,8.905645E-05
18.88967,0.01345968,0.1773202,2.647796E-05
20.04984,0.04575956,0.3484654,6.519662E-05
20.82461,0.04525348,0.4229413,0.0001083608
21.49841,0.06435596,0.536773,0.0001217898
22.19895,0.09909508,2.366133,0.0003819844
21.08069,0.05248562,0.5363654,0.0001321458
21.12623,0.04271922,0.351044,0.000140378
21.14247,0.04505374,0.5435896,0.000145532
20.97975,0.06285362,0.5676959,0.0001462431
20.06599,0.03106259,0.3091695,4.949235E-05
20.33559,0.02667151,0.3874796,8.777621E-05
21.5088,0.06353643,0.5383275,0.0001415715
21.1067,0.04675058,0.4770216,0.0001638991
20.33939,0.02890934,0.3891763,7.665164E-05
21.0658,0.0719857,0.5356032,0.0001149002
21.46973,0.05754717,0.5375248,0.0001213872
20.56219,0.03216628,0.4370428,9.897147E-05
21.37363,0.05639916,0.6050344,0.0001515957
20.2095,0.0258349,0.3642606,7.281676E-05
21.25278,0.05103401,0.5173728,0.0001132905
20.63811,0.04052813,0.4713426,9.896476E-05
20.82082,0.05024277,0.6291613,3.278812E-05
19.10624,0.01872286,0.1988222,3.00157E-05
20.63008,0.03693365,0.4860341,0.0001266726
21.52933,0.06274306,0.5026039,0.0001641329
20.38054,0.02567053,0.1713345,3.87169E-05
21.2231,0.04991268,0.5346401,0.0001333993
21.60738,0.06720276,0.5453007,0.0001408622
19.52715,0.0202218,0.269339,6.342681E-05
21.644,0.07209725,0.5720355,0.0001320279
20.57387,0.03404982,0.4814265,0.0001015758
21.90057,0.08398017,0.6294137,0.0001153379
20.3908,0.02732502,0.3660137,7.631176E-05
21.31119,0.05305716,0.4753418,0.0001282535
21.08244,0.05337157,0.6416822,0.000116252
20.79193,0.04670255,0.6942205,0.0001013804
20.35717,0.0308345,0.6955167,0.0002225381
21.48659,0.08773629,0.6243588,0.0001303912
21.30449,0.05183525,0.539448,0.0001033211
19.20081,0.01490287,0.2181134,3.435342E-05
20.58624,0.04229631,0.3926786,7.443995E-05
20.04254,0.03327899,0.3893492,6.317265E-05
21.79726,0.1005529,0.6277517,0.0001426529
21.81223,0.07316453,0.5120519,0.0001757734
19.11087,0.02420036,0.199897,3.255966E-05
21.56427,0.1009471,0.6376913,0.0001137605
21.83364,0.07497957,0.5145871,0.0001658275
20.82719,0.04057739,2.491403,-1
21.37755,0.05591797,0.6935961,0.0001623378
21.89357,0.08476686,0.5377883,0.0005968263
20.68548,0.03580859,0.4838369,0.000101888
21.056,0.063822,0.4873928,0.0001108094
19.91218,0.02261142,0.3911681,5.245101E-05
20.64236,0.04183309,0.4928892,0.000110621
21.62243,0.06404854,0.6331486,0.0001283849
19.92956,0.03241338,2.234537,0.0002400316
20.75731,0.03612753,2.384947,0.000305436
21.28909,0.05199756,0.6929618,0.0001374292
20.97887,0.03883805,2.216246,0.000700786
21.43435,0.05712659,0.5090919,0.0001347354
20.97319,0.05116343,0.5423155,0.0001166915
21.43992,0.2679884,0.6043098,0.0001457905
20.82896,0.07445718,0.4895333,0.02261987
21.18727,0.04937215,0.5379415,0.0002014101
21.71618,0.07177429,0.7156869,0.0001973272
21.99535,0.09340205,0.5924826,0.0002390027
21.40081,0.05656499,0.5681653,0.0001240605
21.47232,0.06312859,0.5935066,0.0001555606
19.76268,0.02647708,0.3419585,5.526637E-05
20.97181,0.05701175,2.484895,0.0011695
21.30457,0.04812764,0.3766313,2.923174E-05
20.68866,0.03586498,0.427801,0.0001273274
21.26866,0.0670947,0.8880326,0.0003755482
20.33775,0.02498493,0.3985297,7.548443E-05
21.3295,0.09018172,0.5086244,0.0002744479
21.3313,0.06319771,0.6041194,0.0001370907
21.11347,0.04884427,0.5553023,0.0003888104
20.8481,0.03741975,0.4348297,0.0001216625
20.74919,0.04192314,0.4999348,0.0001069453
18.97892,0.0238823,0.201228,3.136411E-05
21.63629,0.06813937,0.5246612,0.0001758445
20.59416,0.03077842,0.5622442,0.0001038168
21.05346,0.04976755,0.4979199,9.243804E-05
21.00193,0.04791509,0.5195671,0.0002123463
21.20037,0.05459157,0.4844421,6.780855E-05
22.07429,0.09685291,0.671612,0.0001333827
20.97003,0.04083535,0.3969099,5.338501E-05
18.42158,0.01235503,0.1805913,2.273919E-05
19.08216,0.01865716,0.2197152,2.463872E-05
18.91352,0.02044524,0.1839934,3.506351E-05
19.27081,0.02370654,0.275497,4.114295E-05
22.04873,0.1399374,0.6452607,0.0004254855
19.09277,0.01596361,0.193044,3.251685E-05
21.52444,0.06163718,2.407024,0.0002745551
21.19492,0.0478583,0.51105,0.0001596416
20.66713,0.03408596,2.221016,0.0005274829
21.46739,0.06491949,0.559377,0.0001441854
21.11834,0.04552495,0.4531984,0.0001667504
20.72403,0.03709306,0.4561091,8.489447E-05
20.70291,0.04134566,0.4537935,9.604465E-05
21.39483,0.06303465,0.4126101,0.000147903
20.43736,0.038116,0.4582214,7.287774E-05
21.3359,0.05195068,0.5851441,0.0002630517
19.98581,0.02307135,0.3382046,5.758811E-05
21.99786,0.09391067,0.5949616,0.000227527
21.0851,0.04372652,2.023062,3.372797
20.4411,0.02792883,0.3706083,6.693725E-05
21.21161,0.05595203,0.5533294,0.0001420699
20.92774,0.06167921,0.8316501,5.583693E-05
21.64027,0.06520769,0.5776523,0.0001674816
19.67379,0.01989214,0.2776944,5.636856E-05
21.80651,0.09170195,0.6330687,5.728881E-05
21.35983,0.06564362,0.5279824,0.0001410921
21.29316,0.06127537,0.583769,0.0001369315
21.56547,0.06293638,0.5925734,0.0001683334
20.52252,0.03014844,0.4448877,0.0001245672
20.38431,0.03080746,0.4122367,8.265643E-05
20.30853,0.02929216,0.4574473,7.884957E-05
21.58551,0.08480502,0.5640573,0.0001733491
21.08305,0.05667933,0.5721045,0.0001081838
21.79837,0.08853788,0.5768635,0.0001321275
19.13201,0.01835297,0.1171665,2.072467E-05
21.44725,0.07331046,0.5683509,7.904542E-05
21.85914,0.1209279,0.6603173,0.0001523593
21.82312,0.1252626,0.596962,0.0001782768
21.45877,0.05489061,0.5613106,0.0001319603
20.83437,0.03665146,0.4953798,0.0001331595
21.20586,0.04920537,0.4804341,0.0001459846
21.0546,0.045586,0.4927242,0.0001112384
21.41395,0.05281071,0.3764511,0.0001942438
21.23886,0.0466911,0.5139453,0.0001361313
22.15986,0.5956585,0.5930116,0.0001516536
21.32387,0.05516505,0.5467768,0.0001232035
20.94361,0.04824673,0.5805699,0.0001465595
20.97219,0.04859661,0.5032617,9.561465E-05
21.18224,0.06835461,0.6741288,0.0001004043
19.99631,0.02462682,0.3919547,6.233934E-05
21.4245,0.05686804,0.5312579,0.0001370746
19.1772,0.03771242,0.2755411,4.48966E-05
19.62711,0.02263481,0.2711165,4.669249E-05
21.01068,0.04138698,0.516977,0.0001461801
21.62758,0.09906004,2.11085,0.0003549082
19.99285,0.02257071,2.469534,0.0003542691
21.67281,0.06537302,1.293784,0.0003858784
21.19634,0.0483309,0.5639566,0.0001175098
21.27204,0.05335437,0.4655814,0.0001298959
21.01912,0.04662009,0.4379151,9.146659E-05
20.9867,0.0438794,0.4487251,0.00010558
21.20625,0.05561656,0.518126,0.0001285491
22.39976,0.1189306,0.681683,0.0001620879
19.95843,0.02851602,0.203028,4.350841E-05
21.62841,0.07085045,0.6532068,0.0002171696
20.67468,0.03246299,0.4074269,0.000105326
20.07291,0.02354094,0.330803,5.105582E-05
21.21323,0.06551123,0.5451444,0.0001188736
21.37309,0.07268346,0.5245243,0.0001414848
20.34432,0.03675913,0.9920716,0.0005560132
20.84181,0.049922,0.4799528,0.0001135747
20.56001,0.04115947,0.4560396,8.234555E-05
21.44461,0.0608636,0.5870603,0.0001090188
20.08366,0.02390278,2.347058,0.0005449862
20.08376,0.02746929,0.5348086,6.185348E-05
21.20575,0.0581238,0.5762501,0.000131606
21.62958,0.06763621,0.5823308,0.000217621
21.49297,0.07705223,0.5765672,0.0001874771
21.51481,0.09020832,0.5234092,0.0002150712
21.81754,0.07327581,0.6190937,0.0001618928
21.05496,0.04506996,0.4237043,0.000125697
20.30246,0.02692423,0.6084984,0.00011162
20.8393,0.04363278,0.6426067,5.07307E-05
21.72397,0.06963316,0.4906466,0.0001707351
21.74885,0.08331513,0.6384887,0.00022597
20.16664,0.0298321,0.3754906,6.54563E-05
19.85464,0.05173752,0.1993704,2.271938E-05
20.46171,0.03100451,0.4075918,8.596759E-05
21.53857,1.51523,0.5582842,0.0001696842
21.27907,0.05520744,0.5340343,0.0001107454
21.78481,0.08903224,0.6323019,0.0001726532
20.96513,0.06121181,0.5005053,0.0001214835
19.60454,0.02115306,0.2686413,3.372077E-05
20.79218,0.05733772,0.4011914,8.037521E-05
19.79964,0.02145309,0.1739865,5.486931E-05
21.04521,0.04316293,0.4812992,0.0001171204
20.22102,0.1915774,0.3946999,5.89046E-05
21.91584,0.1123075,2.367765,0.0003940007
21.37075,0.05822006,0.5731711,0.0001360222
21.82663,0.0797414,0.6369796,0.0001848338
22.05307,0.09215571,0.6062072,0.0001984866
20.30025,0.02838039,0.3719749,6.135525E-05
21.90422,0.09158599,0.599454,0.0001957923
21.18447,0.0501099,0.2766774,6.371402E-05
19.89199,0.0252286,0.6135042,4.64576E-05
21.40049,0.05825949,0.5000061,0.0001341315
21.42972,0.05906592,0.5492068,0.0001692614
21.62327,0.06321239,0.5880052,0.0001009269
20.83363,0.07802717,0.5110501,0.0001608933
21.37872,0.05572178,0.5384657,0.0001246669
21.88961,0.08439695,0.6342834,0.00020536
20.25039,0.02577632,0.3871326,8.350412E-05
20.79833,0.04914997,0.4901403,9.994776E-05
20.80868,0.04037435,0.4583784,9.920836E-05
21.39165,0.0934606,0.492595,9.486858E-05
21.60953,0.06433168,0.6141353,0.0001213272
22.19357,0.1081662,0.6238413,0.0002444678
21.36574,0.07475214,0.5157042,0.0001256584
21.70009,0.07164419,0.6353934,0.0001582652
21.56126,0.0665595,0.6619961,0.0001506876
20.89868,0.03931067,1.538327,3.129122E-05
21.03327,0.0444616,0.530738,2.394727E-05
19.7175,0.02055964,0.2778373,5.48614E-05
21.43291,0.05831227,0.4725254,0.0001793721
21.79556,0.07750489,0.5352144,0.0001907072
19.89482,0.02293598,0.3982864,6.245793E-05
21.91375,0.0824347,1.767138,0.0008637564
20.18323,0.02470447,0.3775013,6.956841E-05
21.67615,0.08936742,0.5651768,0.0001833799
21.35161,0.08856411,2.342182,0.0008452988
20.46874,0.04948144,1.780196,0.0004667417
21.00315,0.04213884,0.4875488,0.0001449081
21.69111,0.06657769,0.6316712,0.0001342906
21.29406,0.05125806,0.5869756,0.0001515782
